{
  "name": "scheduler",
  "version": "5.0.1",
  "homepage": "http://dhtmlx.com/docs/products/dhtmlxScheduler/",
  "description": "JavaScript event calendar. Allows to manage events and appointments in different views",
  "main": [
    "codebase/dhtmlxscheduler.js",
    "codebase/dhtmlxscheduler_material.css"
  ],
  "keywords": [
    "calendar",
    "scheduler",
    "dhtmlx",
    "agenda",
    "month",
    "day",
    "week",
    "year"
  ],
  "license": "GPL",
  "_release": "5.0.1",
  "_resolution": {
    "type": "version",
    "tag": "v5.0.1",
    "commit": "f67e4c42ba21bb256b89b56bf894e6beda4b7990"
  },
  "_source": "https://github.com/DHTMLX/scheduler.git",
  "_target": "v5.0.1",
  "_originalSource": "scheduler",
  "_direct": true
}