[
  {
    "outputFileName": "wwwroot/css/site.min.css",
    "inputFiles": [
      "wwwroot/css/site.css"
    ]
  },
  {
    "outputFileName": "wwwroot/js/site.min.js",
    "inputFiles": [
      "wwwroot/js/site.js"
    ],
    "minify": {
      "enabled": true,
      "renameLocals": true
    }
  },
  {
    "outputFileName": "wwwroot/lib/scheduler/codebase/dhtmlxscheduler.min.css",
    "inputFiles": [
      "wwwroot/lib/scheduler/codebase/dhtmlxscheduler.css"
    ]
  },
  {
    "outputFileName": "wwwroot/lib/scheduler/codebase/ext/dhtmlxscheduler_editors.min.js",
    "inputFiles": [
      "wwwroot/lib/scheduler/codebase/ext/dhtmlxscheduler_editors.js"
    ]
  },
  {
    "outputFileName": "wwwroot/lib/scheduler/codebase/dhtmlxscheduler.min.js",
    "inputFiles": [
      "wwwroot/lib/scheduler/codebase/dhtmlxscheduler.js"
    ]
  },
  {
    "outputFileName": "wwwroot/lib/scheduler/codebase/ext/dhtmlxscheduler_tooltip.min.js",
    "inputFiles": [
      "wwwroot/lib/scheduler/codebase/ext/dhtmlxscheduler_tooltip.js"
    ]
  },
  {
    "outputFileName": "wwwroot/js/Scheduler.min.js",
    "inputFiles": [
      "wwwroot/js/Scheduler.js"
    ]
  },
  {
    "outputFileName": "wwwroot/css/bootstrap-colorpicker.css",
    "inputFiles": [
      "wwwroot/lib/bootstrap-colorpicker/dist/css/bootstrap-colorpicker.css"
    ]
  },
  {
    "outputFileName": "wwwroot/js/bootstrap-colorpicker.js",
    "inputFiles": [
      "wwwroot/lib/bootstrap-colorpicker/dist/js/bootstrap-colorpicker.js"
    ]
  }
]
